[
  {
    "aspecto": "Colaboração",
    "definicao": "Capacidade de trabalhar em equipe, contribuindo ativamente com os colegas, compartilhando conhecimento e ajudando a alcançar objetivos comuns.",
    "sinonimos": ["Trabalho em equipe", "Cooperação", "Parceria", "Apoio mútuo"]
  },
  {
    "aspecto": "Comunicação eficaz",
    "definicao": "Habilidade de se expressar de forma clara e objetiva, ouvindo ativamente e garantindo que as mensagens sejam bem compreendidas por todos.",
    "sinonimos": ["Clareza na comunicação", "Boa comunicação", "Expressão clara", "Escuta ativa"]
  },
  {
    "aspecto": "Autoconfiança",
    "definicao": "Segurança nas próprias habilidades e decisões, demonstrando iniciativa e capacidade de lidar com desafios sem hesitação excessiva e assumir riscos.",
    "sinonimos": ["Confiança pessoal", "Segurança", "Autoestima profissional", "Confiança nas próprias habilidades"]
  },
  {
    "aspecto": "Autonomia",
    "definicao": "Capacidade de executar tarefas e tomar decisões de forma independente, sem depender constantemente de orientações.",
    "sinonimos": ["Independência", "Autogerenciamento", "Autossuficiência"]
  },
  {
    "aspecto": "Pontualidade",
    "definicao": "Comprometimento com prazos, horários e entregas, demonstrando responsabilidade e respeito pelo tempo da equipe.",
    "sinonimos": ["Compromisso com prazos", "Cumprimento de horários", "Responsabilidade temporal"]
  },
  {
    "aspecto": "Conhecimentos Técnicos",
    "definicao": "Domínio de ferramentas, linguagens, metodologias e práticas relevantes para o desenvolvimento de software.",
    "sinonimos": ["Habilidade técnica", "Capacidade técnica", "Conhecimento em tecnologia", "Domínio técnico"]
  },
  {
    "aspecto": "Qualidade das entregas",
    "definicao": "Nível de excelência nas tarefas realizadas, com foco em funcionalidade, desempenho, manutenção e ausência de erros.",
    "sinonimos": ["Excelência nas entregas", "Padrão de qualidade", "Entrega sem falhas"]
  },
  {
    "aspecto": "Adaptabilidade",
    "definicao": "Capacidade de se ajustar rapidamente a mudanças, novas tecnologias, processos ou demandas do projeto.",
    "sinonimos": ["Flexibilidade", "Capacidade de adaptação", "Maleabilidade"]
  },
  {
    "aspecto": "Gestão do tempo",
    "definicao": "Habilidade de planejar, priorizar e organizar tarefas para cumprir prazos e manter a produtividade.",
    "sinonimos": ["Organização do tempo", "Planejamento pessoal", "Gerenciamento de tarefas"]
  },
  {
    "aspecto": "Proatividade",
    "definicao": "Atitude de antecipar necessidades, agir sem esperar ordens e buscar melhorias contínuas.",
    "sinonimos": ["Iniciativa", "Atitude ativa", "Antecipação", "Preparação"]
  },
  {
    "aspecto": "Resiliência",
    "definicao": "Capacidade de lidar com pressão, fracassos e mudanças de forma equilibrada e positiva, mantendo a produtividade.",
    "sinonimos": ["Persistência", "Força emocional", "Capacidade de recuperação"]
  },
  {
    "aspecto": "Empatia",
    "definicao": "Habilidade de se colocar no lugar do outro, compreendendo emoções, necessidades e pontos de vista da equipe.",
    "sinonimos": ["Compreensão", "Sensibilidade interpessoal", "Capacidade de se conectar com os outros"]
  },
  {
    "aspecto": "Inovação e Criatividade",
    "definicao": "Capacidade de propor ideias criativas e soluções novas que tragam melhorias para os processos, produtos ou a equipe. Capacidade de gerar ideias diferentes e resolver problemas de forma não convencional.",
    "sinonimos": ["Originalidade", "Criação de soluções", "Pensamento inovador","Inventividade", "Pensamento criativo", "Soluções originais"]
  },
  {
    "aspecto": "Organização",
    "definicao": "Manter um ambiente de trabalho estruturado, com tarefas bem definidas, planejamento e foco.",
    "sinonimos": ["Planejamento", "Estruturação", "Método de trabalho"]
  },
  {
    "aspecto": "Relacionamento interpessoal",
    "definicao": "Facilidade em se relacionar bem com outras pessoas, construindo um ambiente saudável e produtivo.",
    "sinonimos": ["Boa convivência", "Sociabilidade", "Habilidade social"]
  }
]