[
  {
    "feedback": "Excelente trabalho em equipe, sempre ajuda os colegas. No entanto, precisa melhorar a gestão do tempo, pois deixou de cumprir com prazos combinados. Tem ótimas iniciativas, como por exemplo ter criado planilha de rotação de facilitadores. Consegue expressar suas idéias de forma clara e se fazer entender.",
    "SBERT": {
      "Colaboração": 0.6261293888092041,
      "Comunicação eficaz": 0.39680394530296326,
      "Autoconfiança": 0.47011613845825195,
      "Autonomia": 0.4631013870239258,
      "Pontualidade": 0.6630852222442627,
      "Conhecimentos Técnicos": 0.37300702929496765,
      "Qualidade das entregas": 0.6336090564727783,
      "Adaptabilidade": 0.5666801929473877,
      "Gestão do tempo": 0.7421104907989502,
      "Proatividade": 0.531853973865509,
      "Resiliência": 0.41914206743240356,
      "Empatia": 0.43633800745010376,
      "Inovação e Criatividade": 0.6121500134468079,
      "Organização": 0.5548663139343262,
      "Relacionamento interpessoal": 0.41293931007385254
    },
    "BerTimbau base": {
      "Colaboração": 0.48038461804389954,
      "Comunicação eficaz": 0.4637201428413391,
      "Autoconfiança": 0.4828523099422455,
      "Autonomia": 0.4887924790382385,
      "Pontualidade": 0.4949980676174164,
      "Conhecimentos Técnicos": 0.4847038984298706,
      "Qualidade das entregas": 0.4945056736469269,
      "Adaptabilidade": 0.4962839186191559,
      "Gestão do tempo": 0.5029405355453491,
      "Proatividade": 0.49688997864723206,
      "Resiliência": 0.4867471158504486,
      "Empatia": 0.47545212507247925,
      "Inovação e Criatividade": 0.5011594891548157,
      "Organização": 0.47572755813598633,
      "Relacionamento interpessoal": 0.4753164052963257
    },
    "BerTimbau FT": {
      "Colaboração": 0.4733369052410126,
      "Comunicação eficaz": 0.9597161412239075,
      "Pontualidade": 0.9304594397544861,
      "Gestão do tempo": 0.8930033445358276
    }
  },
  {
    "feedback": "Muito simpático e agradável, é muito querido por todos. Tem ótimo conhecimento de Java. Precisa melhorar a comunicação pois as pessoas não conseguem entender suas ideias.",
    "SBERT": {
      "Colaboração": 0.19691619277000427,
      "Comunicação eficaz": 0.377488911151886,
      "Autoconfiança": 0.18081067502498627,
      "Autonomia": 0.15980276465415955,
      "Conhecimentos Técnicos": 0.23972052335739136,
      "Qualidade das entregas": 0.2788839340209961,
      "Adaptabilidade": 0.20635315775871277,
      "Gestão do tempo": 0.1337328404188156,
      "Proatividade": 0.16477543115615845,
      "Empatia": 0.280159592628479,
      "Inovação e Criatividade": 0.2897593379020691,
      "Relacionamento interpessoal": 0.3568649888038635
    },
    "BerTimbau base": {
      "Colaboração": 0.5308354496955872,
      "Comunicação eficaz": 0.4858647584915161,
      "Autoconfiança": 0.49822893738746643,
      "Autonomia": 0.5051323175430298,
      "Pontualidade": 0.509482204914093,
      "Conhecimentos Técnicos": 0.5192955136299133,
      "Qualidade das entregas": 0.48465970158576965,
      "Adaptabilidade": 0.5173375606536865,
      "Gestão do tempo": 0.5164200067520142,
      "Proatividade": 0.5040098428726196,
      "Resiliência": 0.5062322020530701,
      "Empatia": 0.4884686768054962,
      "Inovação e Criatividade": 0.5037350058555603,
      "Organização": 0.5165382027626038,
      "Relacionamento interpessoal": 0.47734931111335754
    },
    "BerTimbau FT": {
      "Comunicação eficaz": 0.2544598877429962
    }
  },
  {
    "feedback": "Muito simpático e agradável, é muito querido por todos. ",
    "SBERT": {
      "Colaboração": 0.14518357813358307,
      "Comunicação eficaz": 0.26468440890312195,
      "Qualidade das entregas": 0.1702219694852829,
      "Empatia": 0.2443302571773529,
      "Relacionamento interpessoal": 0.3393804132938385
    },
    "BerTimbau base": {
      "Colaboração": 0.4703149199485779,
      "Comunicação eficaz": 0.45861896872520447,
      "Autoconfiança": 0.4513928294181824,
      "Autonomia": 0.472234845161438,
      "Pontualidade": 0.4620339274406433,
      "Conhecimentos Técnicos": 0.4811466336250305,
      "Qualidade das entregas": 0.45867452025413513,
      "Adaptabilidade": 0.46881309151649475,
      "Gestão do tempo": 0.4758128821849823,
      "Proatividade": 0.4548763334751129,
      "Resiliência": 0.4542633891105652,
      "Empatia": 0.44941845536231995,
      "Inovação e Criatividade": 0.45894211530685425,
      "Organização": 0.4845891296863556,
      "Relacionamento interpessoal": 0.4388682544231415
    },
    "BerTimbau FT": {}
  },
  {
    "feedback": "Tem ótimo conhecimento de Java.",
    "SBERT": {
      "Comunicação eficaz": 0.15018951892852783,
      "Conhecimentos Técnicos": 0.22644221782684326,
      "Qualidade das entregas": 0.19777333736419678,
      "Gestão do tempo": 0.10577885061502457,
      "Relacionamento interpessoal": 0.11211274564266205
    },
    "BerTimbau base": {
      "Colaboração": 0.5373947024345398,
      "Comunicação eficaz": 0.5069534182548523,
      "Autoconfiança": 0.5141419768333435,
      "Autonomia": 0.5331388115882874,
      "Pontualidade": 0.5381461977958679,
      "Conhecimentos Técnicos": 0.530875027179718,
      "Qualidade das entregas": 0.49000418186187744,
      "Adaptabilidade": 0.5529389381408691,
      "Gestão do tempo": 0.5448912382125854,
      "Proatividade": 0.5357261300086975,
      "Resiliência": 0.5405407547950745,
      "Empatia": 0.5077511668205261,
      "Inovação e Criatividade": 0.5310404300689697,
      "Organização": 0.5153511166572571,
      "Relacionamento interpessoal": 0.49567827582359314
    },
    "BerTimbau FT": {
      "Conhecimentos Técnicos": 0.8315712213516235
    }
  },
  {
    "feedback": "Precisa melhorar a comunicação pois as pessoas não conseguem entender suas ideias.",
    "SBERT": {
      "Colaboração": 0.31235790252685547,
      "Comunicação eficaz": 0.483619749546051,
      "Autoconfiança": 0.3627508580684662,
      "Autonomia": 0.2574250400066376,
      "Pontualidade": 0.18514348566532135,
      "Conhecimentos Técnicos": 0.31399428844451904,
      "Qualidade das entregas": 0.23123493790626526,
      "Adaptabilidade": 0.3780871629714966,
      "Gestão do tempo": 0.2732338309288025,
      "Proatividade": 0.3474074900150299,
      "Resiliência": 0.21693545579910278,
      "Empatia": 0.33539658784866333,
      "Inovação e Criatividade": 0.5804405212402344,
      "Organização": 0.2538759410381317,
      "Relacionamento interpessoal": 0.3460254669189453
    },
    "BerTimbau base": {
      "Colaboração": 0.45308592915534973,
      "Comunicação eficaz": 0.4495380222797394,
      "Autoconfiança": 0.4480854570865631,
      "Autonomia": 0.44967353343963623,
      "Pontualidade": 0.4466080367565155,
      "Conhecimentos Técnicos": 0.43755269050598145,
      "Qualidade das entregas": 0.45442649722099304,
      "Adaptabilidade": 0.4432997703552246,
      "Gestão do tempo": 0.45645037293434143,
      "Proatividade": 0.435395747423172,
      "Resiliência": 0.4381832480430603,
      "Empatia": 0.4405546486377716,
      "Inovação e Criatividade": 0.45195668935775757,
      "Organização": 0.4624246656894684,
      "Relacionamento interpessoal": 0.42541253566741943
    },
    "BerTimbau FT": {
      "Comunicação eficaz": 0.9733768105506897,
      "Relacionamento interpessoal": 0.12990015745162964
    }
  },
  {
    "feedback": "Ainda não consegue realizar as atividades sem apoio, apesar de já estar na equipe a 3 anos. Precisa se preparar melhor para as reuniões, pois constantemente demonstra insegurança quando é questionado.",
    "SBERT": {
      "Colaboração": 0.30742254853248596,
      "Comunicação eficaz": 0.22468921542167664,
      "Autoconfiança": 0.4105185866355896,
      "Autonomia": 0.3365848958492279,
      "Pontualidade": 0.32358476519584656,
      "Qualidade das entregas": 0.21672755479812622,
      "Adaptabilidade": 0.27357760071754456,
      "Gestão do tempo": 0.30936717987060547,
      "Proatividade": 0.3445296883583069,
      "Resiliência": 0.39793112874031067,
      "Empatia": 0.4211641252040863,
      "Inovação e Criatividade": 0.1915176510810852,
      "Organização": 0.15907342731952667,
      "Relacionamento interpessoal": 0.20335061848163605
    },
    "BerTimbau base": {
      "Colaboração": 0.4303963780403137,
      "Comunicação eficaz": 0.42690393328666687,
      "Autoconfiança": 0.43224281072616577,
      "Autonomia": 0.43207985162734985,
      "Pontualidade": 0.43553996086120605,
      "Conhecimentos Técnicos": 0.42652249336242676,
      "Qualidade das entregas": 0.4499451518058777,
      "Adaptabilidade": 0.4318101406097412,
      "Gestão do tempo": 0.43954530358314514,
      "Proatividade": 0.42332562804222107,
      "Resiliência": 0.4241877794265747,
      "Empatia": 0.4254453182220459,
      "Inovação e Criatividade": 0.44761016964912415,
      "Organização": 0.43149104714393616,
      "Relacionamento interpessoal": 0.4215245544910431
    },
    "BerTimbau FT": {
      "Colaboração": 0.9253640174865723,
      "Autoconfiança": 0.8984966278076172,
      "Autonomia": 0.8473830223083496,
      "Adaptabilidade": 0.7722790241241455,
      "Gestão do tempo": 0.17453961074352264,
      "Proatividade": 0.8394324779510498,
      "Resiliência": 0.886445939540863,
      "Empatia": 0.791629433631897,
      "Organização": 0.3702818751335144,
      "Relacionamento interpessoal": 0.5747823715209961
    }
  },
  {
    "feedback": "Profissional com completo domínio das tecnologias usadas no projeto, e muito dedicado. No entanto, tem se preparado mal para as reuniões, pois constantemente demonstra insegurança quando é questionado.",
    "SBERT": {
      "Colaboração": 0.35900717973709106,
      "Comunicação eficaz": 0.342174768447876,
      "Autoconfiança": 0.5670263767242432,
      "Autonomia": 0.43134790658950806,
      "Pontualidade": 0.33089709281921387,
      "Conhecimentos Técnicos": 0.36867547035217285,
      "Qualidade das entregas": 0.4108828902244568,
      "Adaptabilidade": 0.4466780424118042,
      "Gestão do tempo": 0.4040006995201111,
      "Proatividade": 0.4396110773086548,
      "Resiliência": 0.3380535840988159,
      "Empatia": 0.37131446599960327,
      "Inovação e Criatividade": 0.45811527967453003,
      "Organização": 0.4295695126056671,
      "Relacionamento interpessoal": 0.2588198482990265
    },
    "BerTimbau base": {
      "Colaboração": 0.4876052737236023,
      "Comunicação eficaz": 0.47038283944129944,
      "Autoconfiança": 0.5111802816390991,
      "Autonomia": 0.511170506477356,
      "Pontualidade": 0.5106326937675476,
      "Conhecimentos Técnicos": 0.5016660094261169,
      "Qualidade das entregas": 0.4859609007835388,
      "Adaptabilidade": 0.5070168375968933,
      "Gestão do tempo": 0.4986932575702667,
      "Proatividade": 0.5138371586799622,
      "Resiliência": 0.50900799036026,
      "Empatia": 0.5038620829582214,
      "Inovação e Criatividade": 0.4985297620296478,
      "Organização": 0.48718371987342834,
      "Relacionamento interpessoal": 0.48899129033088684
    },
    "BerTimbau FT": {
      "Conhecimentos Técnicos": 0.9528805017471313
    }
  },
  {
    "feedback": "Propõe muitas idéias e soluções originais dentro do time. Tem pequena dificuldade para propor idéias para outros times utilizarem.",
    "SBERT": {
      "Colaboração": 0.42373818159103394,
      "Comunicação eficaz": 0.21765543520450592,
      "Autoconfiança": 0.3539522886276245,
      "Autonomia": 0.3415401875972748,
      "Pontualidade": 0.37503957748413086,
      "Conhecimentos Técnicos": 0.3080134391784668,
      "Qualidade das entregas": 0.3836638927459717,
      "Adaptabilidade": 0.47063472867012024,
      "Gestão do tempo": 0.4547460675239563,
      "Proatividade": 0.4392205476760864,
      "Resiliência": 0.2846393585205078,
      "Empatia": 0.3016681969165802,
      "Inovação e Criatividade": 0.6908881068229675,
      "Organização": 0.4377060532569885,
      "Relacionamento interpessoal": 0.2399878203868866
    },
    "BerTimbau base": {
      "Colaboração": 0.48239561915397644,
      "Comunicação eficaz": 0.4746457636356354,
      "Autoconfiança": 0.4850705862045288,
      "Autonomia": 0.49013176560401917,
      "Pontualidade": 0.48593077063560486,
      "Conhecimentos Técnicos": 0.47648853063583374,
      "Qualidade das entregas": 0.4902469217777252,
      "Adaptabilidade": 0.493949830532074,
      "Gestão do tempo": 0.4991820752620697,
      "Proatividade": 0.48468878865242004,
      "Resiliência": 0.48642653226852417,
      "Empatia": 0.47485244274139404,
      "Inovação e Criatividade": 0.48399853706359863,
      "Organização": 0.49525853991508484,
      "Relacionamento interpessoal": 0.46527034044265747
    },
    "BerTimbau FT": {
      "Colaboração": 0.7666149735450745,
      "Comunicação eficaz": 0.8556708097457886,
      "Autoconfiança": 0.7779334187507629,
      "Autonomia": 0.8998892903327942,
      "Conhecimentos Técnicos": 0.9665622115135193,
      "Adaptabilidade": 0.9724845290184021,
      "Proatividade": 0.9797837734222412,
      "Empatia": 0.1459219604730606,
      "Inovação e Criatividade": 0.978988766670227,
      "Organização": 0.2532384991645813,
      "Relacionamento interpessoal": 0.28619322180747986
    }
  },
  {
    "feedback": "Mesmo sendo o profissional mais novo e com menor tempo no time (está completando o primeiro trimestre), é muito satisfatório ver sua evolução. No início teve muitas dificuldades para dominar as tecnologias do projeto, maiores do que o esperado até, mas demonstrou muita maturidade e inteligência ao receber de forma aberta os feedbacks e trabalhou com afinco aplicando as sugestões dadas pelo time. Manteve sempre uma postura participativa e a sua preocupação em entender os detalhes fez as pessoas se esforçarem para dar apoio sempre que precisou, e fica claro que conseguiu aproveitar muito bem estes apoios. Hoje é possível perceber uma atuação muito mais fluida, onde você consegue entregar suas atividades dentro da previsão e qualidade necessária. A convivência com o grupo também tem sido um ponto forte, sendo fácil trabalhar junto. Importante também citar sua iniciativa de revisar o documento de nomenclaturas do projeto, que estava desatualizado.",
    "SBERT": {
      "Colaboração": 0.4796668291091919,
      "Comunicação eficaz": 0.36943310499191284,
      "Autoconfiança": 0.6012033224105835,
      "Autonomia": 0.4353320002555847,
      "Pontualidade": 0.3933059275150299,
      "Conhecimentos Técnicos": 0.3304339647293091,
      "Qualidade das entregas": 0.5506448149681091,
      "Adaptabilidade": 0.5523237586021423,
      "Gestão do tempo": 0.49434322118759155,
      "Proatividade": 0.4945938289165497,
      "Resiliência": 0.4769558310508728,
      "Empatia": 0.4464245140552521,
      "Inovação e Criatividade": 0.6249772310256958,
      "Organização": 0.36291664838790894,
      "Relacionamento interpessoal": 0.3977389931678772
    },
    "BerTimbau base": {
      "Colaboração": 0.4734066426753998,
      "Comunicação eficaz": 0.4734066426753998,
      "Autoconfiança": 0.4734066426753998,
      "Autonomia": 0.4734066426753998,
      "Pontualidade": 0.4734066426753998,
      "Conhecimentos Técnicos": 0.4734066426753998,
      "Qualidade das entregas": 0.4734066426753998,
      "Adaptabilidade": 0.4734066426753998,
      "Gestão do tempo": 0.4734066426753998,
      "Proatividade": 0.4734066426753998,
      "Resiliência": 0.4734066426753998,
      "Empatia": 0.4734066426753998,
      "Inovação e Criatividade": 0.4734066426753998,
      "Organização": 0.4734066426753998,
      "Relacionamento interpessoal": 0.4734066426753998
    },
    "BerTimbau FT": {
      "Colaboração": 0.8562774658203125,
      "Comunicação eficaz": 0.8562774658203125,
      "Autoconfiança": 0.8562774658203125,
      "Autonomia": 0.8562774658203125,
      "Pontualidade": 0.8562774658203125,
      "Conhecimentos Técnicos": 0.8562774658203125,
      "Qualidade das entregas": 0.8562774658203125,
      "Adaptabilidade": 0.8562774658203125,
      "Gestão do tempo": 0.8562774658203125,
      "Proatividade": 0.8562774658203125,
      "Resiliência": 0.8562774658203125,
      "Empatia": 0.8562774658203125,
      "Inovação e Criatividade": 0.8562774658203125,
      "Organização": 0.8562774658203125,
      "Relacionamento interpessoal": 0.8562774658203125
    }
  },
  {
    "feedback": "Profissional que possui uma capacidade de comunicação muito grande, sendo uma pessoa que com facilidade domina as conversas, sendo frequentemente a pessoa que conduz as reuniões, com muita persuasão e influência. Um cuidado importante é que muitas vezes esta qualidade acaba intimidando as pessoas e bloqueando novas idéias e participação, tornando-o uma pessoa muito impositiva.\nTeve um destaque incrível dentro da empresa, ao organizar evento de apresentação de propostas de inovações. Apesar desta visibilidade ter sido incrível para o time todo, faltou deixar as pessoas que deram idéias de inovação fazerem parte da apresentação, pois acabou atraindo os méritos mais para o indivíduo do que para o grupo.",
    "SBERT": {
      "Colaboração": 0.5217758417129517,
      "Comunicação eficaz": 0.5049116611480713,
      "Autoconfiança": 0.6377779245376587,
      "Autonomia": 0.47541356086730957,
      "Pontualidade": 0.3689943552017212,
      "Conhecimentos Técnicos": 0.30946987867355347,
      "Qualidade das entregas": 0.5606139302253723,
      "Adaptabilidade": 0.47002872824668884,
      "Gestão do tempo": 0.4681500494480133,
      "Proatividade": 0.4810563325881958,
      "Resiliência": 0.3965226709842682,
      "Empatia": 0.48203736543655396,
      "Inovação e Criatividade": 0.605741024017334,
      "Organização": 0.44327059388160706,
      "Relacionamento interpessoal": 0.5003221035003662
    },
    "BerTimbau base": {
      "Colaboração": 0.5005035996437073,
      "Comunicação eficaz": 0.5005035996437073,
      "Autoconfiança": 0.5005035996437073,
      "Autonomia": 0.5005035996437073,
      "Pontualidade": 0.5005035996437073,
      "Conhecimentos Técnicos": 0.5005035996437073,
      "Qualidade das entregas": 0.5005035996437073,
      "Adaptabilidade": 0.5005035996437073,
      "Gestão do tempo": 0.5005035996437073,
      "Proatividade": 0.5005035996437073,
      "Resiliência": 0.5005035996437073,
      "Empatia": 0.5005035996437073,
      "Inovação e Criatividade": 0.5005035996437073,
      "Organização": 0.5005035996437073,
      "Relacionamento interpessoal": 0.5005035996437073
    },
    "BerTimbau FT": {
      "Colaboração": 0.6981111168861389,
      "Comunicação eficaz": 0.6981111168861389,
      "Autoconfiança": 0.6981111168861389,
      "Autonomia": 0.6981111168861389,
      "Pontualidade": 0.6981111168861389,
      "Conhecimentos Técnicos": 0.6981111168861389,
      "Qualidade das entregas": 0.6981111168861389,
      "Adaptabilidade": 0.6981111168861389,
      "Gestão do tempo": 0.6981111168861389,
      "Proatividade": 0.6981111168861389,
      "Resiliência": 0.6981111168861389,
      "Empatia": 0.6981111168861389,
      "Inovação e Criatividade": 0.6981111168861389,
      "Organização": 0.6981111168861389,
      "Relacionamento interpessoal": 0.6981111168861389
    }
  },
  {
    "feedback": "Tem experiência em diversas tecnologias e demonstra grande flexibilidade para se ajustar aos problemas apresentados pelos clientes.",
    "SBERT": {
      "Colaboração": 0.32354986667633057,
      "Comunicação eficaz": 0.31838327646255493,
      "Autoconfiança": 0.39768603444099426,
      "Autonomia": 0.34298789501190186,
      "Pontualidade": 0.2752493619918823,
      "Conhecimentos Técnicos": 0.5067310333251953,
      "Qualidade das entregas": 0.517848014831543,
      "Adaptabilidade": 0.5832529067993164,
      "Gestão do tempo": 0.4487883448600769,
      "Proatividade": 0.3347868323326111,
      "Resiliência": 0.36038994789123535,
      "Empatia": 0.291145384311676,
      "Inovação e Criatividade": 0.47810888290405273,
      "Organização": 0.35032331943511963,
      "Relacionamento interpessoal": 0.2863140404224396
    },
    "BerTimbau base": {
      "Colaboração": 0.5275089144706726,
      "Comunicação eficaz": 0.4800625443458557,
      "Autoconfiança": 0.49128684401512146,
      "Autonomia": 0.4935947358608246,
      "Pontualidade": 0.5270902514457703,
      "Conhecimentos Técnicos": 0.510704517364502,
      "Qualidade das entregas": 0.48327451944351196,
      "Adaptabilidade": 0.497547447681427,
      "Gestão do tempo": 0.5089452266693115,
      "Proatividade": 0.4891693592071533,
      "Resiliência": 0.49063724279403687,
      "Empatia": 0.4830308258533478,
      "Inovação e Criatividade": 0.4968109428882599,
      "Organização": 0.5236746072769165,
      "Relacionamento interpessoal": 0.4608044922351837
    },
    "BerTimbau FT": {
      "Autonomia": 0.6168016791343689,
      "Conhecimentos Técnicos": 0.9592628479003906,
      "Adaptabilidade": 0.9726530313491821,
      "Inovação e Criatividade": 0.31717735528945923
    }
  },
  {
    "feedback": "Conseguiu conquistar o respeito do cliente com a construção da nova estrutura para armazenar os documentos de projeto, conseguindo entender e contemplar tanto a necessidade do gerente quanto do restante do time.",
    "SBERT": {
      "Colaboração": 0.4538394808769226,
      "Comunicação eficaz": 0.3027096688747406,
      "Autoconfiança": 0.3068687319755554,
      "Autonomia": 0.3423306345939636,
      "Pontualidade": 0.36956778168678284,
      "Conhecimentos Técnicos": 0.34100082516670227,
      "Qualidade das entregas": 0.4739410877227783,
      "Adaptabilidade": 0.4234175384044647,
      "Gestão do tempo": 0.4915120005607605,
      "Proatividade": 0.3180790841579437,
      "Resiliência": 0.25059500336647034,
      "Empatia": 0.3590826392173767,
      "Inovação e Criatividade": 0.3684181571006775,
      "Organização": 0.5142326951026917,
      "Relacionamento interpessoal": 0.2961867153644562
    },
    "BerTimbau base": {
      "Colaboração": 0.514895498752594,
      "Comunicação eficaz": 0.49810659885406494,
      "Autoconfiança": 0.5095459222793579,
      "Autonomia": 0.5131390690803528,
      "Pontualidade": 0.526910126209259,
      "Conhecimentos Técnicos": 0.5379766225814819,
      "Qualidade das entregas": 0.5024799108505249,
      "Adaptabilidade": 0.5120014548301697,
      "Gestão do tempo": 0.5251593589782715,
      "Proatividade": 0.5020681023597717,
      "Resiliência": 0.506848156452179,
      "Empatia": 0.4974539279937744,
      "Inovação e Criatividade": 0.5064713954925537,
      "Organização": 0.5325688719749451,
      "Relacionamento interpessoal": 0.49303174018859863
    },
    "BerTimbau FT": {
      "Comunicação eficaz": 0.6740223169326782,
      "Autoconfiança": 0.3158334493637085,
      "Autonomia": 0.3305480480194092,
      "Conhecimentos Técnicos": 0.40886110067367554,
      "Qualidade das entregas": 0.15187522768974304,
      "Proatividade": 0.25511494278907776,
      "Empatia": 0.28799325227737427,
      "Inovação e Criatividade": 0.6223647594451904,
      "Organização": 0.7875850796699524
    }
  },
  {
    "feedback": "Demostra uma capacidade incansável para resolver os problemas, no entanto tem demorado para perceber quando precisa pedir ajuda dos colegas.",
    "SBERT": {
      "Colaboração": 0.48001521825790405,
      "Comunicação eficaz": 0.3094603419303894,
      "Autoconfiança": 0.47755885124206543,
      "Autonomia": 0.45725393295288086,
      "Pontualidade": 0.3683772683143616,
      "Conhecimentos Técnicos": 0.31804484128952026,
      "Qualidade das entregas": 0.4963268041610718,
      "Adaptabilidade": 0.4887182414531708,
      "Gestão do tempo": 0.4492766857147217,
      "Proatividade": 0.4347159266471863,
      "Resiliência": 0.44700688123703003,
      "Empatia": 0.4066380262374878,
      "Inovação e Criatividade": 0.5859211087226868,
      "Organização": 0.3148912787437439,
      "Relacionamento interpessoal": 0.369745135307312
    },
    "BerTimbau base": {
      "Colaboração": 0.4670221507549286,
      "Comunicação eficaz": 0.43460291624069214,
      "Autoconfiança": 0.4448637366294861,
      "Autonomia": 0.44433125853538513,
      "Pontualidade": 0.44482511281967163,
      "Conhecimentos Técnicos": 0.44290539622306824,
      "Qualidade das entregas": 0.45275288820266724,
      "Adaptabilidade": 0.4509385824203491,
      "Gestão do tempo": 0.4619053900241852,
      "Proatividade": 0.43972402811050415,
      "Resiliência": 0.4359130263328552,
      "Empatia": 0.43675413727760315,
      "Inovação e Criatividade": 0.46208080649375916,
      "Organização": 0.4439183473587036,
      "Relacionamento interpessoal": 0.4263283908367157
    },
    "BerTimbau FT": {
      "Colaboração": 0.9548412561416626,
      "Comunicação eficaz": 0.10358063876628876,
      "Autoconfiança": 0.9819179773330688,
      "Autonomia": 0.9795443415641785,
      "Adaptabilidade": 0.9232106804847717,
      "Proatividade": 0.9816916584968567,
      "Resiliência": 0.9817094206809998,
      "Empatia": 0.9807204604148865,
      "Organização": 0.10375215113162994,
      "Relacionamento interpessoal": 0.9194573163986206
    }
  },
  {
    "feedback": "Apesar do novo projeto ser diferente de tudo que já fez, tem conseguido entregar ótimos resultados num prazo menor do que o esperado.",
    "SBERT": {
      "Colaboração": 0.21935033798217773,
      "Comunicação eficaz": 0.1368711292743683,
      "Autoconfiança": 0.23938001692295074,
      "Autonomia": 0.1670668125152588,
      "Pontualidade": 0.20368638634681702,
      "Conhecimentos Técnicos": 0.2505229115486145,
      "Qualidade das entregas": 0.456598162651062,
      "Adaptabilidade": 0.43709635734558105,
      "Gestão do tempo": 0.2702580988407135,
      "Proatividade": 0.27485471963882446,
      "Resiliência": 0.28086698055267334,
      "Empatia": 0.12999971210956573,
      "Inovação e Criatividade": 0.4661673307418823,
      "Organização": 0.18339483439922333,
      "Relacionamento interpessoal": 0.14699581265449524
    },
    "BerTimbau base": {
      "Colaboração": 0.5154153108596802,
      "Comunicação eficaz": 0.4865705072879791,
      "Autoconfiança": 0.4935521185398102,
      "Autonomia": 0.49421149492263794,
      "Pontualidade": 0.52571040391922,
      "Conhecimentos Técnicos": 0.5267840623855591,
      "Qualidade das entregas": 0.4909912347793579,
      "Adaptabilidade": 0.4940851926803589,
      "Gestão do tempo": 0.5051417946815491,
      "Proatividade": 0.4841203987598419,
      "Resiliência": 0.4897349774837494,
      "Empatia": 0.4875047206878662,
      "Inovação e Criatividade": 0.4964248239994049,
      "Organização": 0.5233361721038818,
      "Relacionamento interpessoal": 0.46993184089660645
    },
    "BerTimbau FT": {
      "Pontualidade": 0.9350290894508362,
      "Qualidade das entregas": 0.6175863146781921,
      "Adaptabilidade": 0.15381395816802979,
      "Gestão do tempo": 0.7985457181930542,
      "Proatividade": 0.743780791759491,
      "Inovação e Criatividade": 0.10930883139371872
    }
  },
  {
    "feedback": "Tem facilidade para se comunicar com os colegas, e é muito procurado para ajudar pela capacidade de entender a dificuldade que os outros estão enfrentendo.",
    "SBERT": {
      "Colaboração": 0.4594382643699646,
      "Comunicação eficaz": 0.524429440498352,
      "Autoconfiança": 0.4235087037086487,
      "Autonomia": 0.410640150308609,
      "Pontualidade": 0.17129436135292053,
      "Conhecimentos Técnicos": 0.3123466372489929,
      "Qualidade das entregas": 0.3943583369255066,
      "Adaptabilidade": 0.3969663977622986,
      "Gestão do tempo": 0.30206215381622314,
      "Proatividade": 0.282370001077652,
      "Resiliência": 0.3251418471336365,
      "Empatia": 0.548862099647522,
      "Inovação e Criatividade": 0.3975485563278198,
      "Organização": 0.2506861686706543,
      "Relacionamento interpessoal": 0.531288743019104
    },
    "BerTimbau base": {
      "Colaboração": 0.46967917680740356,
      "Comunicação eficaz": 0.4383935332298279,
      "Autoconfiança": 0.45136144757270813,
      "Autonomia": 0.45013099908828735,
      "Pontualidade": 0.45432591438293457,
      "Conhecimentos Técnicos": 0.44781890511512756,
      "Qualidade das entregas": 0.4608159065246582,
      "Adaptabilidade": 0.45270392298698425,
      "Gestão do tempo": 0.4684820771217346,
      "Proatividade": 0.4430816173553467,
      "Resiliência": 0.43925800919532776,
      "Empatia": 0.43909046053886414,
      "Inovação e Criatividade": 0.4622204303741455,
      "Organização": 0.4562467932701111,
      "Relacionamento interpessoal": 0.4380704164505005
    },
    "BerTimbau FT": {
      "Colaboração": 0.9694976806640625,
      "Comunicação eficaz": 0.9793639779090881,
      "Autoconfiança": 0.879665195941925,
      "Autonomia": 0.2709660232067108,
      "Adaptabilidade": 0.3106577396392822,
      "Proatividade": 0.181535005569458,
      "Resiliência": 0.4813070595264435,
      "Empatia": 0.9706567525863647,
      "Relacionamento interpessoal": 0.9771389365196228
    }
  }
]