[
  {
    "feedback": "Mesmo sendo o profissional mais novo e com menor tempo no time (está completando o primeiro trimestre), é muito satisfatório ver sua evolução.",
    "SBERT": {
      "Colaboração": 0.23903591930866241,
      "Comunicação eficaz": 0.16416800022125244,
      "Autoconfiança": 0.23891282081604004,
      "Autonomia": 0.1626615822315216,
      "Pontualidade": 0.22539886832237244,
      "Conhecimentos Técnicos": 0.13825877010822296,
      "Qualidade das entregas": 0.30264925956726074,
      "Adaptabilidade": 0.2590898275375366,
      "Gestão do tempo": 0.21884043514728546,
      "Proatividade": 0.15332648158073425,
      "Resiliência": 0.20108003914356232,
      "Empatia": 0.3496568202972412,
      "Inovação e Criatividade": 0.22743813693523407,
      "Relacionamento interpessoal": 0.20517481863498688
    },
    "BerTimbau base": {
      "Colaboração": 0.37356632947921753,
      "Comunicação eficaz": 0.37482330203056335,
      "Autoconfiança": 0.37473538517951965,
      "Autonomia": 0.39200493693351746,
      "Pontualidade": 0.40536755323410034,
      "Conhecimentos Técnicos": 0.3806200623512268,
      "Qualidade das entregas": 0.38211145997047424,
      "Adaptabilidade": 0.3760453760623932,
      "Gestão do tempo": 0.3699442744255066,
      "Proatividade": 0.38602834939956665,
      "Resiliência": 0.37948864698410034,
      "Empatia": 0.3821473717689514,
      "Inovação e Criatividade": 0.38738900423049927,
      "Organização": 0.38098469376564026,
      "Relacionamento interpessoal": 0.3684249818325043
    },
    "BerTimbau FT": {
      "Pontualidade": 0.23002806305885315,
      "Adaptabilidade": 0.7098588943481445,
      "Gestão do tempo": 0.8003659844398499,
      "Proatividade": 0.16755403578281403,
      "Resiliência": 0.759824275970459
    }
  },
  {
    "feedback": "No início teve muitas dificuldades para dominar as tecnologias do projeto, maiores do que o esperado até, mas demonstrou muita maturidade e inteligência ao receber de forma aberta os feedbacks e trabalhou com afinco aplicando as sugestões dadas pelo time.",
    "SBERT": {
      "Colaboração": 0.3853165805339813,
      "Comunicação eficaz": 0.2788473665714264,
      "Autoconfiança": 0.4744751453399658,
      "Autonomia": 0.38802045583724976,
      "Pontualidade": 0.26602062582969666,
      "Conhecimentos Técnicos": 0.40555083751678467,
      "Qualidade das entregas": 0.5113252401351929,
      "Adaptabilidade": 0.57196044921875,
      "Gestão do tempo": 0.38208651542663574,
      "Proatividade": 0.42456090450286865,
      "Resiliência": 0.3639116883277893,
      "Empatia": 0.3695380985736847,
      "Inovação e Criatividade": 0.5985939502716064,
      "Organização": 0.29192084074020386,
      "Relacionamento interpessoal": 0.2410331666469574
    },
    "BerTimbau base": {
      "Colaboração": 0.3658348321914673,
      "Comunicação eficaz": 0.3749343156814575,
      "Autoconfiança": 0.38909226655960083,
      "Autonomia": 0.40058279037475586,
      "Pontualidade": 0.37895819544792175,
      "Conhecimentos Técnicos": 0.3848816156387329,
      "Qualidade das entregas": 0.37553516030311584,
      "Adaptabilidade": 0.3856171667575836,
      "Gestão do tempo": 0.3765600621700287,
      "Proatividade": 0.3983154892921448,
      "Resiliência": 0.388060063123703,
      "Empatia": 0.4013212025165558,
      "Inovação e Criatividade": 0.4033920466899872,
      "Organização": 0.3736933767795563,
      "Relacionamento interpessoal": 0.3795033395290375
    },
    "BerTimbau FT": {
      "Comunicação eficaz": 0.3453546166419983,
      "Autoconfiança": 0.6765395402908325,
      "Autonomia": 0.3637571632862091,
      "Conhecimentos Técnicos": 0.9597679376602173,
      "Adaptabilidade": 0.6295594573020935,
      "Proatividade": 0.37794095277786255,
      "Inovação e Criatividade": 0.24046362936496735,
      "Relacionamento interpessoal": 0.11782363057136536
    }
  },
  {
    "feedback": "Manteve sempre uma postura participativa e a sua preocupação em entender os detalhes fez as pessoas se esforçarem para dar apoio sempre que precisou, e fica claro que conseguiu aproveitar muito bem estes apoios.",
    "SBERT": {
      "Colaboração": 0.4225277304649353,
      "Comunicação eficaz": 0.33554697036743164,
      "Autoconfiança": 0.46337687969207764,
      "Autonomia": 0.3493477702140808,
      "Pontualidade": 0.24028842151165009,
      "Qualidade das entregas": 0.3032258152961731,
      "Adaptabilidade": 0.2989344298839569,
      "Gestão do tempo": 0.33607620000839233,
      "Proatividade": 0.4646621346473694,
      "Resiliência": 0.42987650632858276,
      "Empatia": 0.4434299170970917,
      "Inovação e Criatividade": 0.3317066431045532,
      "Organização": 0.25835782289505005,
      "Relacionamento interpessoal": 0.36430200934410095
    },
    "BerTimbau base": {
      "Colaboração": 0.37499991059303284,
      "Comunicação eficaz": 0.3850335478782654,
      "Autoconfiança": 0.3903141915798187,
      "Autonomia": 0.40372392535209656,
      "Pontualidade": 0.39260706305503845,
      "Conhecimentos Técnicos": 0.40604332089424133,
      "Qualidade das entregas": 0.3966320753097534,
      "Adaptabilidade": 0.39292484521865845,
      "Gestão do tempo": 0.38558781147003174,
      "Proatividade": 0.4016820788383484,
      "Resiliência": 0.39030376076698303,
      "Empatia": 0.39886584877967834,
      "Inovação e Criatividade": 0.41154804825782776,
      "Organização": 0.38429275155067444,
      "Relacionamento interpessoal": 0.3854319453239441
    },
    "BerTimbau FT": {
      "Colaboração": 0.9463251829147339,
      "Comunicação eficaz": 0.8531449437141418,
      "Autoconfiança": 0.861979603767395,
      "Autonomia": 0.5881376266479492,
      "Proatividade": 0.3874463438987732,
      "Resiliência": 0.10746331512928009,
      "Empatia": 0.915887713432312,
      "Relacionamento interpessoal": 0.7519651651382446
    }
  },
  {
    "feedback": "Hoje é possível perceber uma atuação muito mais fluida, onde você consegue entregar suas atividades dentro da previsão e qualidade necessária.",
    "SBERT": {
      "Colaboração": 0.2996130883693695,
      "Comunicação eficaz": 0.4248746335506439,
      "Autoconfiança": 0.3707767426967621,
      "Autonomia": 0.314474880695343,
      "Pontualidade": 0.2749209403991699,
      "Conhecimentos Técnicos": 0.28711533546447754,
      "Qualidade das entregas": 0.4318852126598358,
      "Adaptabilidade": 0.4648595154285431,
      "Gestão do tempo": 0.4473779797554016,
      "Proatividade": 0.43415454030036926,
      "Resiliência": 0.3490949273109436,
      "Empatia": 0.2575286626815796,
      "Inovação e Criatividade": 0.5096188187599182,
      "Organização": 0.3994203805923462,
      "Relacionamento interpessoal": 0.3303869962692261
    },
    "BerTimbau base": {
      "Colaboração": 0.38729357719421387,
      "Comunicação eficaz": 0.397136926651001,
      "Autoconfiança": 0.3962729573249817,
      "Autonomia": 0.41641002893447876,
      "Pontualidade": 0.40944603085517883,
      "Conhecimentos Técnicos": 0.39958539605140686,
      "Qualidade das entregas": 0.40734171867370605,
      "Adaptabilidade": 0.3993220627307892,
      "Gestão do tempo": 0.40305134654045105,
      "Proatividade": 0.4098535478115082,
      "Resiliência": 0.4000494182109833,
      "Empatia": 0.4034770131111145,
      "Inovação e Criatividade": 0.4136706292629242,
      "Organização": 0.3990805149078369,
      "Relacionamento interpessoal": 0.388020396232605
    },
    "BerTimbau FT": {
      "Comunicação eficaz": 0.81913822889328,
      "Autonomia": 0.6444505453109741,
      "Pontualidade": 0.8994907736778259,
      "Qualidade das entregas": 0.9079543948173523,
      "Adaptabilidade": 0.2514819800853729,
      "Gestão do tempo": 0.8862884640693665,
      "Proatividade": 0.27268680930137634,
      "Organização": 0.2260725200176239
    }
  },
  {
    "feedback": "A convivência com o grupo também tem sido um ponto forte, sendo fácil trabalhar junto.",
    "SBERT": {
      "Colaboração": 0.6026480197906494,
      "Comunicação eficaz": 0.3538393974304199,
      "Autoconfiança": 0.3135923147201538,
      "Autonomia": 0.2826032340526581,
      "Pontualidade": 0.2794547975063324,
      "Conhecimentos Técnicos": 0.11267074942588806,
      "Qualidade das entregas": 0.35532593727111816,
      "Adaptabilidade": 0.2922954857349396,
      "Gestão do tempo": 0.29241496324539185,
      "Proatividade": 0.2566457986831665,
      "Resiliência": 0.43163055181503296,
      "Empatia": 0.4866841733455658,
      "Inovação e Criatividade": 0.3232227861881256,
      "Organização": 0.337329626083374,
      "Relacionamento interpessoal": 0.5510275959968567
    },
    "BerTimbau base": {
      "Colaboração": 0.36876699328422546,
      "Comunicação eficaz": 0.3809768557548523,
      "Autoconfiança": 0.3891066908836365,
      "Autonomia": 0.40706515312194824,
      "Pontualidade": 0.3877912163734436,
      "Conhecimentos Técnicos": 0.389914870262146,
      "Qualidade das entregas": 0.3968960642814636,
      "Adaptabilidade": 0.38929668068885803,
      "Gestão do tempo": 0.38883519172668457,
      "Proatividade": 0.40340903401374817,
      "Resiliência": 0.38883376121520996,
      "Empatia": 0.397223562002182,
      "Inovação e Criatividade": 0.41085076332092285,
      "Organização": 0.3806508183479309,
      "Relacionamento interpessoal": 0.3800957500934601
    },
    "BerTimbau FT": {
      "Colaboração": 0.9799472093582153,
      "Comunicação eficaz": 0.9006780982017517,
      "Autoconfiança": 0.7349817752838135,
      "Adaptabilidade": 0.5251327753067017,
      "Proatividade": 0.24009482562541962,
      "Empatia": 0.9697214961051941,
      "Relacionamento interpessoal": 0.978958249092102
    }
  },
  {
    "feedback": "Importante também citar sua iniciativa de revisar o documento de nomenclaturas do projeto, que estava desatualizado.",
    "SBERT": {
      "Colaboração": 0.13645339012145996,
      "Autoconfiança": 0.15858352184295654,
      "Autonomia": 0.12280374765396118,
      "Pontualidade": 0.26376083493232727,
      "Conhecimentos Técnicos": 0.335787296295166,
      "Qualidade das entregas": 0.28761789202690125,
      "Adaptabilidade": 0.3390587568283081,
      "Gestão do tempo": 0.23995545506477356,
      "Proatividade": 0.30519700050354004,
      "Inovação e Criatividade": 0.3521426320075989,
      "Organização": 0.28682848811149597
    },
    "BerTimbau base": {
      "Colaboração": 0.3691865801811218,
      "Comunicação eficaz": 0.3867020308971405,
      "Autoconfiança": 0.3890092074871063,
      "Autonomia": 0.4142058193683624,
      "Pontualidade": 0.40615931153297424,
      "Conhecimentos Técnicos": 0.38793593645095825,
      "Qualidade das entregas": 0.3942077159881592,
      "Adaptabilidade": 0.39217615127563477,
      "Gestão do tempo": 0.3843918740749359,
      "Proatividade": 0.40204018354415894,
      "Resiliência": 0.3911058008670807,
      "Empatia": 0.39263632893562317,
      "Inovação e Criatividade": 0.40739327669143677,
      "Organização": 0.3909764587879181,
      "Relacionamento interpessoal": 0.36991825699806213
    },
    "BerTimbau FT": {
      "Proatividade": 0.18418408930301666
    }
  },
  {
    "feedback": "Profissional que possui uma capacidade de comunicação muito grande, sendo uma pessoa que com facilidade domina as conversas, sendo frequentemente a pessoa que conduz as reuniões, com muita persuasão e influência.",
    "SBERT": {
      "Colaboração": 0.4635925590991974,
      "Comunicação eficaz": 0.5268846750259399,
      "Autoconfiança": 0.435293585062027,
      "Autonomia": 0.37868717312812805,
      "Pontualidade": 0.2770429253578186,
      "Conhecimentos Técnicos": 0.20661798119544983,
      "Qualidade das entregas": 0.41016435623168945,
      "Adaptabilidade": 0.28573358058929443,
      "Gestão do tempo": 0.3485962450504303,
      "Proatividade": 0.2833256721496582,
      "Resiliência": 0.20579279959201813,
      "Empatia": 0.4174621105194092,
      "Inovação e Criatividade": 0.29327306151390076,
      "Organização": 0.3226885497570038,
      "Relacionamento interpessoal": 0.46296149492263794
    },
    "BerTimbau base": {
      "Colaboração": 0.3481970727443695,
      "Comunicação eficaz": 0.3559531569480896,
      "Autoconfiança": 0.36585623025894165,
      "Autonomia": 0.376249223947525,
      "Pontualidade": 0.3588120639324188,
      "Conhecimentos Técnicos": 0.35939154028892517,
      "Qualidade das entregas": 0.36078667640686035,
      "Adaptabilidade": 0.36699026823043823,
      "Gestão do tempo": 0.3600523769855499,
      "Proatividade": 0.3752431571483612,
      "Resiliência": 0.3603169918060303,
      "Empatia": 0.36958837509155273,
      "Inovação e Criatividade": 0.3772238790988922,
      "Organização": 0.3495469093322754,
      "Relacionamento interpessoal": 0.3605586588382721
    },
    "BerTimbau FT": {
      "Colaboração": 0.3993381857872009,
      "Comunicação eficaz": 0.9558667540550232,
      "Autoconfiança": 0.5607005953788757,
      "Autonomia": 0.540980339050293,
      "Conhecimentos Técnicos": 0.10280603170394897,
      "Adaptabilidade": 0.2879175543785095,
      "Proatividade": 0.15339381992816925,
      "Empatia": 0.32551947236061096,
      "Relacionamento interpessoal": 0.8280059099197388
    }
  },
  {
    "feedback": "Um cuidado importante é que muitas vezes esta qualidade acaba intimidando as pessoas e bloqueando novas idéias e participação, tornando-o uma pessoa muito impositiva.",
    "SBERT": {
      "Colaboração": 0.1895071566104889,
      "Comunicação eficaz": 0.34520286321640015,
      "Autoconfiança": 0.5515713691711426,
      "Autonomia": 0.3832029104232788,
      "Pontualidade": 0.12336629629135132,
      "Qualidade das entregas": 0.29583078622817993,
      "Adaptabilidade": 0.3178442120552063,
      "Gestão do tempo": 0.23601703345775604,
      "Proatividade": 0.44801804423332214,
      "Resiliência": 0.27688145637512207,
      "Empatia": 0.3820202946662903,
      "Inovação e Criatividade": 0.47188907861709595,
      "Organização": 0.18042942881584167,
      "Relacionamento interpessoal": 0.3508220613002777
    },
    "BerTimbau base": {
      "Colaboração": 0.35418879985809326,
      "Comunicação eficaz": 0.3694222569465637,
      "Autoconfiança": 0.37096142768859863,
      "Autonomia": 0.38261494040489197,
      "Pontualidade": 0.37242910265922546,
      "Conhecimentos Técnicos": 0.3731340765953064,
      "Qualidade das entregas": 0.37340888381004333,
      "Adaptabilidade": 0.3683565855026245,
      "Gestão do tempo": 0.3694952428340912,
      "Proatividade": 0.3810732960700989,
      "Resiliência": 0.3697832524776459,
      "Empatia": 0.375964879989624,
      "Inovação e Criatividade": 0.3878343105316162,
      "Organização": 0.3775690793991089,
      "Relacionamento interpessoal": 0.3656435012817383
    },
    "BerTimbau FT": {
      "Colaboração": 0.8916551470756531,
      "Comunicação eficaz": 0.8820637464523315,
      "Autoconfiança": 0.9033371210098267,
      "Autonomia": 0.7981931567192078,
      "Qualidade das entregas": 0.23198747634887695,
      "Adaptabilidade": 0.9509086608886719,
      "Proatividade": 0.8816763162612915,
      "Resiliência": 0.12782394886016846,
      "Empatia": 0.8750385642051697,
      "Inovação e Criatividade": 0.9005838632583618,
      "Relacionamento interpessoal": 0.8506175875663757
    }
  },
  {
    "feedback": "Teve um destaque incrível dentro da empresa, ao organizar evento de apresentação de propostas de inovações.",
    "SBERT": {
      "Colaboração": 0.31489771604537964,
      "Comunicação eficaz": 0.14642095565795898,
      "Autoconfiança": 0.2563064694404602,
      "Autonomia": 0.11392493546009064,
      "Pontualidade": 0.1982136219739914,
      "Conhecimentos Técnicos": 0.3413529396057129,
      "Qualidade das entregas": 0.401297390460968,
      "Adaptabilidade": 0.38647401332855225,
      "Gestão do tempo": 0.2849498391151428,
      "Proatividade": 0.26892775297164917,
      "Empatia": 0.1786137968301773,
      "Inovação e Criatividade": 0.49008721113204956,
      "Organização": 0.31324446201324463,
      "Relacionamento interpessoal": 0.2156442403793335
    },
    "BerTimbau base": {
      "Colaboração": 0.3706313967704773,
      "Comunicação eficaz": 0.3868977427482605,
      "Autoconfiança": 0.3906838893890381,
      "Autonomia": 0.4024209678173065,
      "Pontualidade": 0.38259026408195496,
      "Conhecimentos Técnicos": 0.39736562967300415,
      "Qualidade das entregas": 0.3941280245780945,
      "Adaptabilidade": 0.38968491554260254,
      "Gestão do tempo": 0.3852493166923523,
      "Proatividade": 0.40181154012680054,
      "Resiliência": 0.3909580707550049,
      "Empatia": 0.3974592983722687,
      "Inovação e Criatividade": 0.4106590747833252,
      "Organização": 0.38795730471611023,
      "Relacionamento interpessoal": 0.3866797089576721
    },
    "BerTimbau FT": {
      "Comunicação eficaz": 0.2258097231388092,
      "Conhecimentos Técnicos": 0.1675790399312973,
      "Proatividade": 0.7333537936210632,
      "Inovação e Criatividade": 0.970048189163208,
      "Organização": 0.8163977861404419
    }
  },
  {
    "feedback": "Apesar desta visibilidade ter sido incrível para o time todo, faltou deixar as pessoas que deram idéias de inovação fazerem parte da apresentação, pois acabou atraindo os méritos mais para o indivíduo do que para o grupo.",
    "SBERT": {
      "Colaboração": 0.36899644136428833,
      "Comunicação eficaz": 0.19455865025520325,
      "Autoconfiança": 0.39407414197921753,
      "Autonomia": 0.26624202728271484,
      "Pontualidade": 0.22518540918827057,
      "Conhecimentos Técnicos": 0.11218356341123581,
      "Qualidade das entregas": 0.3775753974914551,
      "Adaptabilidade": 0.3326066732406616,
      "Gestão do tempo": 0.18816806375980377,
      "Proatividade": 0.2805458903312683,
      "Resiliência": 0.26418188214302063,
      "Empatia": 0.48930293321609497,
      "Inovação e Criatividade": 0.4874628782272339,
      "Organização": 0.20209383964538574,
      "Relacionamento interpessoal": 0.32294055819511414
    },
    "BerTimbau base": {
      "Colaboração": 0.3666507303714752,
      "Comunicação eficaz": 0.3756168484687805,
      "Autoconfiança": 0.3812575042247772,
      "Autonomia": 0.3972330391407013,
      "Pontualidade": 0.3805212080478668,
      "Conhecimentos Técnicos": 0.40955138206481934,
      "Qualidade das entregas": 0.3756659924983978,
      "Adaptabilidade": 0.3802405893802643,
      "Gestão do tempo": 0.3880040645599365,
      "Proatividade": 0.38847100734710693,
      "Resiliência": 0.38516536355018616,
      "Empatia": 0.3899824619293213,
      "Inovação e Criatividade": 0.38708022236824036,
      "Organização": 0.3905594050884247,
      "Relacionamento interpessoal": 0.37072497606277466
    },
    "BerTimbau FT": {
      "Colaboração": 0.9152137637138367,
      "Comunicação eficaz": 0.893467366695404,
      "Autoconfiança": 0.5050114393234253,
      "Adaptabilidade": 0.7458336353302002,
      "Proatividade": 0.7669855952262878,
      "Empatia": 0.2074504792690277,
      "Inovação e Criatividade": 0.973745584487915,
      "Organização": 0.10771264880895615
    }
  }
]