
{
  "Dev_JR": {
    "perfil": "Está no início da carreira, com até 2 anos de experiência. Pode ter vindo de cursos, faculdade ou outra área. Atua em tarefas simples, sempre com supervisão e orientação de colegas mais experientes. É curioso, tem vontade de aprender e se adapta rápido a novas ferramentas e linguagens. Costuma buscar ajuda quando precisa e está construindo as bases da carreira com atitude colaborativa.",
    "caracteristicas": [
      "Colaboração: É muito positivo se apoiar pessoas do time ou de outros times. Mas é aceitável neste perfil atuar mais individualmente.",
      "Comunicação eficaz: Mesmo que tenha um pouco de dificuldade ou comunicação pouco eficiente, é positivo desde consiga se fazer entender.",
      "Autoconfiança: É comum e aceitável profissional ter pouca autoconfiança neste perfil. Não é algo negativo.",
      "Autonomia: Baixa autonomia é aceitável no início de carreira, principalmente em tarefas complexas. Não é negativo.",
      "Pontualidade: Atrasos constantes nas entregas ou para atender compromissos é negativo. Mas atrasos eventuais são aceitáveis.",
      "Conhecimentos Técnicos: Não é esperado que tenha domínio completo das tecnologias usadas no projeto. Mas é positivo se já tiver conhecimento básico.",
      "Qualidade das entregas: Não é esperado que entregue trabalho perfeito, mas é positivo se já tiver atenção a detalhes e qualidade nas entregas mais simples.",
      "Adaptabilidade: É positivo se adaptar bem a mudanças, mas é aceitável ter alguma dificuldade no início.",
      "Gestão do tempo: É negativo não conseguir gerenciar suas atividades, especialmente em tarefas simples. Mas é aceitável ter alguma dificuldade no início da carreira.",
      "Proatividade: É positivo se mostrar iniciativa, mesmo que pequena, para aprender e ajudar o time. Mas é aceitável atuar mais reativamente no início da carreira.",
      "Resiliência: É positivo se mostrar resiliência, mas é aceitável ter alguma dificuldade para lidar com frustrações no início da carreira.",
      "Empatia: É positivo se mostrar empatia, mas é aceitável ter alguma dificuldade para entender o ponto de vista dos outros no início da carreira.",
      "Inovação e Criatividade: É positivo se mostrar alguma inovação e criatividade, mas é aceitável não apresentar muitas idéias ou propostas no início da carreira.",
      "Organização: É positivo se mostrar organizado, especialmente nas execução das tarefas. Não cuidar do ambiente de trabalho, mantendo desarrumado ou sujo é negativo",
      "Relacionamento Interpessoal: É positivo se relacionar bem com colegas, mas é aceitável ter alguma dificuldade no início da carreira."
    ]
  },
  "Dev_PL": {
    "perfil": "Tem entre 3 e 5 anos de experiência e já atua de forma mais independente. Consegue lidar com tarefas complexas, embora ainda busque apoio em decisões estratégicas. Tem mais confiança, ajuda colegas juniores e colabora com a equipe. Começa a desenvolver habilidades interpessoais, como comunicação e trabalho em equipe.",
    "caracteristicas": [
      "Colaboração: É necessário que consiga apoiar pessoas do time. Se consegue ajudar pessoas de outros times é positivo.",
      "Comunicação eficaz: É esperado que já consiga transmitir mensagens com clareza para o time, e será muito positivo caso já consiga comunicar com outros times. ",
      "Autoconfiança: Já é esperado que tenha autoconfiança para realizar as atividades rotineiras e de complexidade média do time, mas é aceitável algum nível de insegurança para tarefas muito complexas.",
      "Autonomia: É necessário demonstrar autonomia para as tarefas rotineiras do time, mas é aceitavel precisar de apoio nas tarefas novas e complexas.",
      "Pontualidade: Atrasos constantes nas entregas ou para atender compromissos é negativo. Mas atrasos eventuais são aceitáveis desde que devidadmente justificados.",
      "Conhecimentos Técnicos: É necessário ter domínio de tecnologias utilizadas no time, mas não é necessário ter domínio completo sobre todas.",
      "Qualidade das entregas: Todas as tarefas devem ser entregues com a qualidade mínima exigida para o time.",
      "Adaptabilidade: É positivo se adaptar bem a mudanças, mas é aceitável ter alguma dificuldade no início. É negativo caso o profissinal sempre tenha dificuldade para se adaptar a qualquer mudança.",
      "Gestão do tempo: É negativo ter dificuldade em conseguir gerenciar os compromissos assumidos. Dificuldades ocasionais são toleradas.",
      "Proatividade: É esperado mostrar iniciativa para aprender e ajudar o time.",
      "Resiliência: É positivo se mostrar resiliência, mas é aceitável ter alguma dificuldade para lidar com frustrações, desde que ocasionais.",
      "Empatia: É necessário conseguir se colocar no lugar do outro e avaliar problemas por outras perspectivas, mesmo que tenha alguma dificuldade ocasional.",
      "Inovação e Criatividade: É esperado colaborar com propostas de inovação e criativas, mesmo que ocosionalmente.",
      "Organização: É necessário se mostrar organizado, especialmente nas execução das tarefas. Não cuidar do ambiente de trabalho, mantendo desarrumado ou sujo é negativo",
      "Relacionamento Interpessoal: É esperado se relacionar bem com colegas, mas é aceitável ter alguma dificuldade pontual e precisar de apoio. É negativo apresentar dificuldades constantes com todos ou muitos dos colegas do time."
    ]
  },
  "Dev_SR": {
    "perfil": "Com mais de 5 anos de experiência, é o profissional mais experiente da equipe. Atua de forma autônoma, resolve problemas complexos e toma decisões estratégicas. Lidera tecnicamente, escolhe tecnologias e define arquiteturas. Também orienta colegas e se comunica bem com diferentes áreas da empresa.",
    "caracteristicas": [
      "Colaboração: É necessário que consiga apoiar tanto as pessoas do time quanto também ajudar pessoas de outros times.",
      "Comunicação eficaz: É esperado que já consiga transmitir mensagens com clareza tanto para o time quanto para pessoas de fora do time.",
      "Autoconfiança: É esperado autoconfiança não só para resolver os problemas como para incentivar e motivar as demais pessoas do time.",
      "Autonomia: É necessário demonstrar autonomia para as para todas as tarefas.",
      "Pontualidade: Qualquer atrasos nas entregas ou para atender compromissos é negativo. Mas poucos atrasos eventuais são aceitáveis desde que devidadmente justificados.",
      "Conhecimentos Técnicos: É necessário ter domínio das tecnologias utilizadas no time o suficiente para apoiar e ajudar o time a resolver problemas.",
      "Qualidade das entregas: Todas as tarefas devem ser entregues com a qualidade mínima exigida para o time, e deve garantir que o time todo entegue com qualidade.",
      "Adaptabilidade: É positivo se adaptar bem a mudanças, mas é aceitável ter alguma dificuldade em mudanças mais complexas. É negativo caso o profissinal sempre tenha dificuldade para se adaptar a mudanças.",
      "Gestão do tempo: É negativo ter dificuldade em conseguir gerenciar os compromissos assumidos, tanto pessoalmente quanto pelo time.",
      "Proatividade: É esperado que antecipe problemas, identifique riscos e oportunidades, e aja para ajudar o time.",
      "Resiliência: Precisa ser resiliente e dar exemplo ao time, para garantir atuação adequada das pessoas mesmo em situações difíceis.",
      "Empatia: É necessário conseguir se colocar no lugar do outro e avaliar problemas por outras perspectivas, mesmo que tenha alguma dificuldade ocasional.",
      "Inovação e Criatividade: É esperado colaborar com propostas de inovação e criativas, mesmo que ocosionalmente.",
      "Organização: É necessário servir de exemplo para o time, sendo organizado na execução das tarefas e zelar para manter o ambiente de trabalho arrumado e limpo.",
      "Relacionamento Interpessoal: É esperado se relacionar bem com colegas e liderados. Pode eventualmente ter alguma dificuldade pontual e precisar de apoio. É muito negativo apresentar dificuldades constantes com todos ou muitos dos colegas do time."
    ]
  }
}