[
  {"id": 1, "nome_pessoa": "p1", "cargo": "Dev SR", "feedback": "Excelente trabalho em equipe, sempre ajuda os colegas. No entanto, precisa melhorar a gestão do tempo, pois deixou de cumprir com prazos combinados. Tem ótimas iniciativas, como por exemplo ter criado planilha de rotação de facilitadores. Consegue expressar suas idéias de forma clara e se fazer entender."},
  {"id": 2, "nome_pessoa": "p2", "cargo": "Dev PL", "feedback": "Muito simpático e agradável, é muito querido por todos. Tem ótimo conhecimento de Java. Precisa melhorar a comunicação pois as pessoas não conseguem entender suas ideias."},
  {"id": 3, "nome_pessoa": "p2.1", "cargo": "Dev PL", "feedback": "Muito simpático e agradável, é muito querido por todos. "},
  {"id": 4, "nome_pessoa": "p2.2", "cargo": "Dev PL", "feedback": "Tem ótimo conhecimento de Java."},
  {"id": 5, "nome_pessoa": "p2.3", "cargo": "Dev PL", "feedback": "Precisa melhorar a comunicação pois as pessoas não conseguem entender suas ideias."},
  {"id": 6, "nome_pessoa": "p3", "cargo": "Dev JR", "feedback": "Ainda não consegue realizar as atividades sem apoio, apesar de já estar na equipe a 3 anos. Precisa se preparar melhor para as reuniões, pois constantemente demonstra insegurança quando é questionado."},
  {"id": 7, "nome_pessoa": "p4", "cargo": "Dev PL", "feedback": "Profissional com completo domínio das tecnologias usadas no projeto, e muito dedicado. No entanto, tem se preparado mal para as reuniões, pois constantemente demonstra insegurança quando é questionado."},
  {"id": 8, "nome_pessoa": "p5", "cargo": "Dev JR", "feedback": "Propõe muitas idéias e soluções originais dentro do time. Tem pequena dificuldade para propor idéias para outros times utilizarem."},
  {"id": 9, "nome_pessoa": "p6", "cargo": "Dev JR", "feedback": "Mesmo sendo o profissional mais novo e com menor tempo no time (está completando o primeiro trimestre), é muito satisfatório ver sua evolução. No início teve muitas dificuldades para dominar as tecnologias do projeto, maiores do que o esperado até, mas demonstrou muita maturidade e inteligência ao receber de forma aberta os feedbacks e trabalhou com afinco aplicando as sugestões dadas pelo time. Manteve sempre uma postura participativa e a sua preocupação em entender os detalhes fez as pessoas se esforçarem para dar apoio sempre que precisou, e fica claro que conseguiu aproveitar muito bem estes apoios. Hoje é possível perceber uma atuação muito mais fluida, onde você consegue entregar suas atividades dentro da previsão e qualidade necessária. A convivência com o grupo também tem sido um ponto forte, sendo fácil trabalhar junto. Importante também citar sua iniciativa de revisar o documento de nomenclaturas do projeto, que estava desatualizado."},
  {"id": 10, "nome_pessoa": "p7", "cargo": "Dev SR", "feedback": "Profissional que possui uma capacidade de comunicação muito grande, sendo uma pessoa que com facilidade domina as conversas, sendo frequentemente a pessoa que conduz as reuniões, com muita persuasão e influência. Um cuidado importante é que muitas vezes esta qualidade acaba intimidando as pessoas e bloqueando novas idéias e participação, tornando-o uma pessoa muito impositiva.\nTeve um destaque incrível dentro da empresa, ao organizar evento de apresentação de propostas de inovações. Apesar desta visibilidade ter sido incrível para o time todo, faltou deixar as pessoas que deram idéias de inovação fazerem parte da apresentação, pois acabou atraindo os méritos mais para o indivíduo do que para o grupo."},
  {"id": 11, "nome_pessoa": "p8", "cargo": "Dev SR", "feedback": "Tem experiência em diversas tecnologias e demonstra grande flexibilidade para se ajustar aos problemas apresentados pelos clientes."},
  {"id": 12, "nome_pessoa": "p9", "cargo": "Dev PL", "feedback": "Conseguiu conquistar o respeito do cliente com a construção da nova estrutura para armazenar os documentos de projeto, conseguindo entender e contemplar tanto a necessidade do gerente quanto do restante do time."},
  {"id": 13, "nome_pessoa": "p10", "cargo": "Dev JR", "feedback": "Demostra uma capacidade incansável para resolver os problemas, no entanto tem demorado para perceber quando precisa pedir ajuda dos colegas."},
  {"id": 14, "nome_pessoa": "p11", "cargo": "Dev PL", "feedback": "Apesar do novo projeto ser diferente de tudo que já fez, tem conseguido entregar ótimos resultados num prazo menor do que o esperado."},
  {"id": 15, "nome_pessoa": "p12", "cargo": "Dev SR", "feedback": "Tem facilidade para se comunicar com os colegas, e é muito procurado para ajudar pela capacidade de entender a dificuldade que os outros estão enfrentando."}
]
  
