[
  {"id": 1, "nome_pessoa": "p6.1", "cargo": "Dev SR", "feedback": "Mesmo sendo o profissional mais novo e com menor tempo no time (está completando o primeiro trimestre), é muito satisfatório ver sua evolução."},
  {"id": 2, "nome_pessoa": "p6.2", "cargo": "Dev SR", "feedback": "No início teve muitas dificuldades para dominar as tecnologias do projeto, maiores do que o esperado até, mas demonstrou muita maturidade e inteligência ao receber de forma aberta os feedbacks e trabalhou com afinco aplicando as sugestões dadas pelo time."},
  {"id": 3, "nome_pessoa": "p6.3", "cargo": "Dev SR", "feedback": "Manteve sempre uma postura participativa e a sua preocupação em entender os detalhes fez as pessoas se esforçarem para dar apoio sempre que precisou, e fica claro que conseguiu aproveitar muito bem estes apoios."},
  {"id": 4, "nome_pessoa": "p6.4", "cargo": "Dev SR", "feedback": "Hoje é possível perceber uma atuação muito mais fluida, onde você consegue entregar suas atividades dentro da previsão e qualidade necessária."},
  {"id": 5, "nome_pessoa": "p6.5", "cargo": "Dev SR", "feedback": "A convivência com o grupo também tem sido um ponto forte, sendo fácil trabalhar junto."},
  {"id": 6, "nome_pessoa": "p6.6", "cargo": "Dev SR", "feedback": "Importante também citar sua iniciativa de revisar o documento de nomenclaturas do projeto, que estava desatualizado."},
  {"id": 7, "nome_pessoa": "p7.1", "cargo": "Dev SR", "feedback": "Profissional que possui uma capacidade de comunicação muito grande, sendo uma pessoa que com facilidade domina as conversas, sendo frequentemente a pessoa que conduz as reuniões, com muita persuasão e influência."},
  {"id": 8, "nome_pessoa": "p7.2", "cargo": "Dev SR", "feedback": "Um cuidado importante é que muitas vezes esta qualidade acaba intimidando as pessoas e bloqueando novas idéias e participação, tornando-o uma pessoa muito impositiva."},
  {"id": 9, "nome_pessoa": "p7.3", "cargo": "Dev SR", "feedback": "Teve um destaque incrível dentro da empresa, ao organizar evento de apresentação de propostas de inovações."},
  {"id": 10, "nome_pessoa": "p7.4", "cargo": "Dev PL", "feedback": "Apesar desta visibilidade ter sido incrível para o time todo, faltou deixar as pessoas que deram idéias de inovação fazerem parte da apresentação, pois acabou atraindo os méritos mais para o indivíduo do que para o grupo."}
  
]
  
